resid,resname,rmsf
1,UNK,0.31871817
2,UNK,0.15569064
3,UNK,0.12063709
4,UNK,0.11357131
5,UNK,0.09043708
6,UNK,0.07234059
7,UNK,0.05650993
8,UNK,0.062987134
9,UNK,0.08723991
10,UNK,0.09469695
11,UNK,0.07464971
12,UNK,0.07561341
13,UNK,0.10196979
14,UNK,0.09897406
15,UNK,0.08351096
16,UNK,0.09124483
17,UNK,0.079933375
18,UNK,0.10004727
19,UNK,0.10969241
20,UNK,0.10519675
21,UNK,0.121431455
22,UNK,0.0960971
23,UNK,0.08934363
24,UNK,0.11610007
25,UNK,0.1123107
26,UNK,0.1128881
27,UNK,0.10442294
28,UNK,0.08483849
29,UNK,0.083348475
30,UNK,0.09314534
31,UNK,0.0839946
32,UNK,0.06703764
33,UNK,0.08669028
34,UNK,0.11258708
35,UNK,0.22210346
36,UNK,0.25171402
37,UNK,0.2578955
38,UNK,0.15179208
39,UNK,0.1025098
40,UNK,0.078866035
41,UNK,0.07765712
42,UNK,0.07040299
43,UNK,0.06848856
44,UNK,0.107837625
45,UNK,0.0901606
46,UNK,0.13585995
47,UNK,0.18807742
48,UNK,0.23663235
49,UNK,0.20177673
50,UNK,0.17979212
51,UNK,0.13773164
52,UNK,0.11065891
53,UNK,0.12709603
54,UNK,0.13582473
55,UNK,0.1100637
56,UNK,0.11515637
57,UNK,0.14156863
58,UNK,0.1436769
59,UNK,0.12951654
60,UNK,0.1599979
61,UNK,0.18453917
62,UNK,0.16401163
63,UNK,0.16768749
64,UNK,0.12966937
65,UNK,0.14515607
66,UNK,0.14734674
67,UNK,0.110734455
68,UNK,0.10240237
69,UNK,0.12404224
70,UNK,0.101038784
71,UNK,0.11014299
72,UNK,0.1882603
73,UNK,0.1892384
74,UNK,0.16896528
75,UNK,0.1395466
76,UNK,0.15206833
77,UNK,0.1380022
78,UNK,0.107523166
79,UNK,0.097075485
80,UNK,0.10176066
81,UNK,0.100410126
82,UNK,0.08520386
83,UNK,0.09435168
84,UNK,0.09984207
85,UNK,0.09207483
86,UNK,0.08804474
87,UNK,0.11580761
88,UNK,0.12455261
89,UNK,0.11226163
90,UNK,0.08671592
91,UNK,0.060518015
92,UNK,0.04899154
93,UNK,0.04827083
94,UNK,0.05653693
95,UNK,0.08304744
96,UNK,0.09911572
97,UNK,0.118689656
98,UNK,0.16808675
99,UNK,0.18221968
100,UNK,0.13636309
101,UNK,0.14325303
102,UNK,0.11656037
103,UNK,0.12828839
104,UNK,0.15226524
105,UNK,0.11471861
106,UNK,0.095439896
107,UNK,0.11278657
108,UNK,0.119012594
109,UNK,0.1344531
110,UNK,0.13127711
111,UNK,0.10066829
112,UNK,0.07952442
113,UNK,0.09378539
114,UNK,0.11107596
115,UNK,0.1121994
116,UNK,0.13184772
117,UNK,0.15402937
118,UNK,0.20121887
119,UNK,0.24466817
120,UNK,0.37076232
121,UNK,0.44867846
122,UNK,0.3569892
123,UNK,0.41529915
124,UNK,0.4821563
125,UNK,0.5929938
126,UNK,0.6754652
127,UNK,0.6918409
128,UNK,0.68838984
129,UNK,0.6873183
130,UNK,0.62469316
131,UNK,0.6183788
132,UNK,0.61054
133,UNK,0.58561975
134,UNK,0.5829472
135,UNK,0.33353698
136,UNK,0.20575583
137,UNK,0.18667096
138,UNK,0.23772427
139,UNK,0.30565095
140,UNK,0.22974144
141,UNK,0.27041155
