resid,resname,average_rmsf
1,UNK,0.5682555
2,UNK,0.43139026
3,UNK,0.33470485
4,UNK,0.26958796
5,UNK,0.21495621
6,UNK,0.19142741
7,UNK,0.16356441
8,UNK,0.17128816
9,UNK,0.20552467
10,UNK,0.21560718
11,UNK,0.18973008
12,UNK,0.1999851
13,UNK,0.2360624
14,UNK,0.23520687
15,UNK,0.22126791
16,UNK,0.2375622
17,UNK,0.21428634
18,UNK,0.2494235
19,UNK,0.2518022
20,UNK,0.22926493
21,UNK,0.25030425
22,UNK,0.22914268
23,UNK,0.19676189
24,UNK,0.22924523
25,UNK,0.2323687
26,UNK,0.22275637
27,UNK,0.22905338
28,UNK,0.19968177
29,UNK,0.17300816
30,UNK,0.1848497
31,UNK,0.1859682
32,UNK,0.1576602
33,UNK,0.17770311
34,UNK,0.22331443
35,UNK,0.28124642
36,UNK,0.30250064
37,UNK,0.29115647
38,UNK,0.23763794
39,UNK,0.18203849
40,UNK,0.14931929
41,UNK,0.15088314
42,UNK,0.15539014
43,UNK,0.17550907
44,UNK,0.23118508
45,UNK,0.25254995
46,UNK,0.31052613
47,UNK,0.37080842
48,UNK,0.4374572
49,UNK,0.4011447
50,UNK,0.39941037
51,UNK,0.3285912
52,UNK,0.3482136
53,UNK,0.35888144
54,UNK,0.33319977
55,UNK,0.28274775
56,UNK,0.29104954
57,UNK,0.3186945
58,UNK,0.30876735
59,UNK,0.28006664
60,UNK,0.3074397
61,UNK,0.33784616
62,UNK,0.3133864
63,UNK,0.29646856
64,UNK,0.24909674
65,UNK,0.25803193
66,UNK,0.2546788
67,UNK,0.21802555
68,UNK,0.19999291
69,UNK,0.20637009
70,UNK,0.21680683
71,UNK,0.23167036
72,UNK,0.28341636
73,UNK,0.34540164
74,UNK,0.36795416
75,UNK,0.39557645
76,UNK,0.4141485
77,UNK,0.39585307
78,UNK,0.36299485
79,UNK,0.33054355
80,UNK,0.3171221
81,UNK,0.3052611
82,UNK,0.28213006
83,UNK,0.27597594
84,UNK,0.27235597
85,UNK,0.25028053
86,UNK,0.24942169
87,UNK,0.2836384
88,UNK,0.27977166
89,UNK,0.2585226
90,UNK,0.20498107
91,UNK,0.1618969
92,UNK,0.14021574
93,UNK,0.1379439
94,UNK,0.16517952
95,UNK,0.20981658
96,UNK,0.24812017
97,UNK,0.31019065
98,UNK,0.38814446
99,UNK,0.42027906
100,UNK,0.3706684
101,UNK,0.36259827
102,UNK,0.36580944
103,UNK,0.3635228
104,UNK,0.34437665
105,UNK,0.29989922
106,UNK,0.2588009
107,UNK,0.28167215
108,UNK,0.2800557
109,UNK,0.3031455
110,UNK,0.29012033
111,UNK,0.23799141
112,UNK,0.20306358
113,UNK,0.21816988
114,UNK,0.23102228
115,UNK,0.22686738
116,UNK,0.2714116
117,UNK,0.27957785
118,UNK,0.33657333
119,UNK,0.37254825
120,UNK,0.41374192
121,UNK,0.48207897
122,UNK,0.5141742
123,UNK,0.6285956
124,UNK,0.7276532
125,UNK,0.7858937
126,UNK,0.8166473
127,UNK,0.83212316
128,UNK,0.8301966
129,UNK,0.87726074
130,UNK,0.86029524
131,UNK,0.89416194
132,UNK,0.8809204
133,UNK,0.939325
134,UNK,0.99725413
135,UNK,0.99938416
136,UNK,0.9831556
137,UNK,0.98039514
138,UNK,1.0000315
139,UNK,1.041066
140,UNK,1.0509672
141,UNK,1.1282611
