protein_id,resid,resname,rmsf
1r9lA02,92,ALA,0.31871817
1r9lA02,93,ALA,0.15569064
1r9lA02,94,GLN,0.12063709
1r9lA02,95,GLY,0.11357131
1r9lA02,96,TYR,0.09043708
1r9lA02,97,LEU,0.07234059
1r9lA02,98,ILE,0.05650993
1r9lA02,99,ASP,0.062987134
1r9lA02,100,LYS,0.08723991
1r9lA02,101,LYS,0.09469695
1r9lA02,102,THR,0.07464971
1r9lA02,103,ALA,0.07561341
1r9lA02,104,ASP,0.10196979
1r9lA02,105,GLN,0.09897406
1r9lA02,106,TYR,0.08351096
1r9lA02,107,LYS,0.09124483
1r9lA02,108,ILE,0.079933375
1r9lA02,109,THR,0.10004727
1r9lA02,110,ASN,0.10969241
1r9lA02,111,ILE,0.10519675
1r9lA02,112,ALA,0.121431455
1r9lA02,113,GLN,0.0960971
1r9lA02,114,LEU,0.08934363
1r9lA02,115,LYS,0.11610007
1r9lA02,116,ASP,0.1123107
1r9lA02,117,PRO,0.1128881
1r9lA02,118,LYS,0.10442294
1r9lA02,119,ILE,0.08483849
1r9lA02,120,ALA,0.083348475
1r9lA02,121,LYS,0.09314534
1r9lA02,122,LEU,0.0839946
1r9lA02,123,PHE,0.06703764
1r9lA02,124,ASP,0.08669028
1r9lA02,125,THR,0.11258708
1r9lA02,126,ASN,0.22210346
1r9lA02,127,GLY,0.25171402
1r9lA02,128,ASP,0.2578955
1r9lA02,129,GLY,0.15179208
1r9lA02,130,LYS,0.1025098
1r9lA02,131,ALA,0.078866035
1r9lA02,132,ASP,0.07765712
1r9lA02,133,LEU,0.07040299
1r9lA02,134,THR,0.06848856
1r9lA02,135,GLY,0.107837625
1r9lA02,136,CYS,0.0901606
1r9lA02,137,ASN,0.13585995
1r9lA02,138,PRO,0.18807742
1r9lA02,139,GLY,0.23663235
1r9lA02,140,TRP,0.20177673
1r9lA02,141,GLY,0.17979212
1r9lA02,142,CYS,0.13773164
1r9lA02,143,GLU,0.11065891
1r9lA02,144,GLY,0.12709603
1r9lA02,145,ALA,0.13582473
1r9lA02,146,ILE,0.1100637
1r9lA02,147,ASN,0.11515637
1r9lA02,148,HSD,0.14156863
1r9lA02,149,GLN,0.1436769
1r9lA02,150,LEU,0.12951654
1r9lA02,151,ALA,0.1599979
1r9lA02,152,ALA,0.18453917
1r9lA02,153,TYR,0.16401163
1r9lA02,154,GLU,0.16768749
1r9lA02,155,LEU,0.12966937
1r9lA02,156,THR,0.14515607
1r9lA02,157,ASN,0.14734674
1r9lA02,158,THR,0.110734455
1r9lA02,159,VAL,0.10240237
1r9lA02,160,THR,0.12404224
1r9lA02,161,HSD,0.101038784
1r9lA02,162,ASN,0.11014299
1r9lA02,163,GLN,0.1882603
1r9lA02,164,GLY,0.1892384
1r9lA02,165,ASN,0.16896528
1r9lA02,166,TYR,0.1395466
1r9lA02,167,ALA,0.15206833
1r9lA02,168,ALA,0.1380022
1r9lA02,169,MET,0.107523166
1r9lA02,170,MET,0.097075485
1r9lA02,171,ALA,0.10176066
1r9lA02,172,ASP,0.100410126
1r9lA02,173,THR,0.08520386
1r9lA02,174,ILE,0.09435168
1r9lA02,175,SER,0.09984207
1r9lA02,176,ARG,0.09207483
1r9lA02,177,TYR,0.08804474
1r9lA02,178,LYS,0.11580761
1r9lA02,179,GLU,0.12455261
1r9lA02,180,GLY,0.11226163
1r9lA02,181,LYS,0.08671592
1r9lA02,182,PRO,0.060518015
1r9lA02,183,VAL,0.04899154
1r9lA02,184,PHE,0.04827083
1r9lA02,185,TYR,0.05653693
1r9lA02,186,TYR,0.08304744
1r9lA02,187,THR,0.09911572
1r9lA02,188,TRP,0.118689656
1r9lA02,189,THR,0.16808675
1r9lA02,190,PRO,0.18221968
1r9lA02,191,TYR,0.13636309
1r9lA02,192,TRP,0.14325303
1r9lA02,193,VAL,0.11656037
1r9lA02,194,SER,0.12828839
1r9lA02,195,ASN,0.15226524
1r9lA02,196,GLU,0.11471861
1r9lA02,197,LEU,0.095439896
1r9lA02,198,LYS,0.11278657
1r9lA02,199,PRO,0.119012594
1r9lA02,200,GLY,0.1344531
1r9lA02,201,LYS,0.13127711
1r9lA02,202,ASP,0.10066829
1r9lA02,203,VAL,0.07952442
1r9lA02,204,VAL,0.09378539
1r9lA02,205,TRP,0.11107596
1r9lA02,206,LEU,0.1121994
1r9lA02,207,GLN,0.13184772
1r9lA02,208,VAL,0.15402937
1r9lA02,209,PRO,0.20121887
1r9lA02,210,PHE,0.24466817
1r9lA02,211,SER,0.37076232
1r9lA02,212,ALA,0.44867846
1r9lA02,213,LEU,0.3569892
1r9lA02,214,PRO,0.41529915
1r9lA02,215,GLY,0.4821563
1r9lA02,216,ASP,0.5929938
1r9lA02,217,LYS,0.6754652
1r9lA02,218,ASN,0.6918409
1r9lA02,219,ALA,0.68838984
1r9lA02,220,ASP,0.6873183
1r9lA02,221,THR,0.62469316
1r9lA02,222,LYS,0.6183788
1r9lA02,223,LEU,0.61054
1r9lA02,224,PRO,0.58561975
1r9lA02,225,ASN,0.5829472
1r9lA02,226,GLY,0.33353698
1r9lA02,227,ALA,0.20575583
1r9lA02,228,ASN,0.18667096
1r9lA02,229,TYR,0.23772427
1r9lA02,230,GLY,0.30565095
1r9lA02,231,PHE,0.22974144
1r9lA02,232,PRO,0.27041155
