protein_id,resid,resname,average_rmsf
1r9lA02,92,ALA,0.5682555
1r9lA02,93,ALA,0.43139026
1r9lA02,94,GLN,0.33470485
1r9lA02,95,GLY,0.26958796
1r9lA02,96,TYR,0.21495621
1r9lA02,97,LEU,0.19142741
1r9lA02,98,ILE,0.16356441
1r9lA02,99,ASP,0.17128816
1r9lA02,100,LYS,0.20552467
1r9lA02,101,LYS,0.21560718
1r9lA02,102,THR,0.18973008
1r9lA02,103,ALA,0.1999851
1r9lA02,104,ASP,0.2360624
1r9lA02,105,GLN,0.23520687
1r9lA02,106,TYR,0.22126791
1r9lA02,107,LYS,0.2375622
1r9lA02,108,ILE,0.21428634
1r9lA02,109,THR,0.2494235
1r9lA02,110,ASN,0.2518022
1r9lA02,111,ILE,0.22926493
1r9lA02,112,ALA,0.25030425
1r9lA02,113,GLN,0.22914268
1r9lA02,114,LEU,0.19676189
1r9lA02,115,LYS,0.22924523
1r9lA02,116,ASP,0.2323687
1r9lA02,117,PRO,0.22275637
1r9lA02,118,LYS,0.22905338
1r9lA02,119,ILE,0.19968177
1r9lA02,120,ALA,0.17300816
1r9lA02,121,LYS,0.1848497
1r9lA02,122,LEU,0.1859682
1r9lA02,123,PHE,0.1576602
1r9lA02,124,ASP,0.17770311
1r9lA02,125,THR,0.22331443
1r9lA02,126,ASN,0.28124642
1r9lA02,127,GLY,0.30250064
1r9lA02,128,ASP,0.29115647
1r9lA02,129,GLY,0.23763794
1r9lA02,130,LYS,0.18203849
1r9lA02,131,ALA,0.14931929
1r9lA02,132,ASP,0.15088314
1r9lA02,133,LEU,0.15539014
1r9lA02,134,THR,0.17550907
1r9lA02,135,GLY,0.23118508
1r9lA02,136,CYS,0.25254995
1r9lA02,137,ASN,0.31052613
1r9lA02,138,PRO,0.37080842
1r9lA02,139,GLY,0.4374572
1r9lA02,140,TRP,0.4011447
1r9lA02,141,GLY,0.39941037
1r9lA02,142,CYS,0.3285912
1r9lA02,143,GLU,0.3482136
1r9lA02,144,GLY,0.35888144
1r9lA02,145,ALA,0.33319977
1r9lA02,146,ILE,0.28274775
1r9lA02,147,ASN,0.29104954
1r9lA02,148,HSD,0.3186945
1r9lA02,149,GLN,0.30876735
1r9lA02,150,LEU,0.28006664
1r9lA02,151,ALA,0.3074397
1r9lA02,152,ALA,0.33784616
1r9lA02,153,TYR,0.3133864
1r9lA02,154,GLU,0.29646856
1r9lA02,155,LEU,0.24909674
1r9lA02,156,THR,0.25803193
1r9lA02,157,ASN,0.2546788
1r9lA02,158,THR,0.21802555
1r9lA02,159,VAL,0.19999291
1r9lA02,160,THR,0.20637009
1r9lA02,161,HSD,0.21680683
1r9lA02,162,ASN,0.23167036
1r9lA02,163,GLN,0.28341636
1r9lA02,164,GLY,0.34540164
1r9lA02,165,ASN,0.36795416
1r9lA02,166,TYR,0.39557645
1r9lA02,167,ALA,0.4141485
1r9lA02,168,ALA,0.39585307
1r9lA02,169,MET,0.36299485
1r9lA02,170,MET,0.33054355
1r9lA02,171,ALA,0.3171221
1r9lA02,172,ASP,0.3052611
1r9lA02,173,THR,0.28213006
1r9lA02,174,ILE,0.27597594
1r9lA02,175,SER,0.27235597
1r9lA02,176,ARG,0.25028053
1r9lA02,177,TYR,0.24942169
1r9lA02,178,LYS,0.2836384
1r9lA02,179,GLU,0.27977166
1r9lA02,180,GLY,0.2585226
1r9lA02,181,LYS,0.20498107
1r9lA02,182,PRO,0.1618969
1r9lA02,183,VAL,0.14021574
1r9lA02,184,PHE,0.1379439
1r9lA02,185,TYR,0.16517952
1r9lA02,186,TYR,0.20981658
1r9lA02,187,THR,0.24812017
1r9lA02,188,TRP,0.31019065
1r9lA02,189,THR,0.38814446
1r9lA02,190,PRO,0.42027906
1r9lA02,191,TYR,0.3706684
1r9lA02,192,TRP,0.36259827
1r9lA02,193,VAL,0.36580944
1r9lA02,194,SER,0.3635228
1r9lA02,195,ASN,0.34437665
1r9lA02,196,GLU,0.29989922
1r9lA02,197,LEU,0.2588009
1r9lA02,198,LYS,0.28167215
1r9lA02,199,PRO,0.2800557
1r9lA02,200,GLY,0.3031455
1r9lA02,201,LYS,0.29012033
1r9lA02,202,ASP,0.23799141
1r9lA02,203,VAL,0.20306358
1r9lA02,204,VAL,0.21816988
1r9lA02,205,TRP,0.23102228
1r9lA02,206,LEU,0.22686738
1r9lA02,207,GLN,0.2714116
1r9lA02,208,VAL,0.27957785
1r9lA02,209,PRO,0.33657333
1r9lA02,210,PHE,0.37254825
1r9lA02,211,SER,0.41374192
1r9lA02,212,ALA,0.48207897
1r9lA02,213,LEU,0.5141742
1r9lA02,214,PRO,0.6285956
1r9lA02,215,GLY,0.7276532
1r9lA02,216,ASP,0.7858937
1r9lA02,217,LYS,0.8166473
1r9lA02,218,ASN,0.83212316
1r9lA02,219,ALA,0.8301966
1r9lA02,220,ASP,0.87726074
1r9lA02,221,THR,0.86029524
1r9lA02,222,LYS,0.89416194
1r9lA02,223,LEU,0.8809204
1r9lA02,224,PRO,0.939325
1r9lA02,225,ASN,0.99725413
1r9lA02,226,GLY,0.99938416
1r9lA02,227,ALA,0.9831556
1r9lA02,228,ASN,0.98039514
1r9lA02,229,TYR,1.0000315
1r9lA02,230,GLY,1.041066
1r9lA02,231,PHE,1.0509672
1r9lA02,232,PRO,1.1282611
