protein_id,resid,resname,rmsf_320
1r9lA02,92,ALA,0.27810055
1r9lA02,93,ALA,0.17876884
1r9lA02,94,GLN,0.13356924
1r9lA02,95,GLY,0.11029267
1r9lA02,96,TYR,0.08714816
1r9lA02,97,LEU,0.07909038
1r9lA02,98,ILE,0.068874314
1r9lA02,99,ASP,0.08117052
1r9lA02,100,LYS,0.09965841
1r9lA02,101,LYS,0.10804828
1r9lA02,102,THR,0.09165831
1r9lA02,103,ALA,0.09536513
1r9lA02,104,ASP,0.116269544
1r9lA02,105,GLN,0.11175883
1r9lA02,106,TYR,0.10140115
1r9lA02,107,LYS,0.104559496
1r9lA02,108,ILE,0.09281825
1r9lA02,109,THR,0.10729899
1r9lA02,110,ASN,0.104010805
1r9lA02,111,ILE,0.09424879
1r9lA02,112,ALA,0.104749046
1r9lA02,113,GLN,0.09193023
1r9lA02,114,LEU,0.08237254
1r9lA02,115,LYS,0.09847853
1r9lA02,116,ASP,0.10368552
1r9lA02,117,PRO,0.10083101
1r9lA02,118,LYS,0.10532415
1r9lA02,119,ILE,0.091219254
1r9lA02,120,ALA,0.07859284
1r9lA02,121,LYS,0.081920914
1r9lA02,122,LEU,0.08537775
1r9lA02,123,PHE,0.06928051
1r9lA02,124,ASP,0.07831164
1r9lA02,125,THR,0.10688255
1r9lA02,126,ASN,0.17980267
1r9lA02,127,GLY,0.20527263
1r9lA02,128,ASP,0.20288578
1r9lA02,129,GLY,0.1384354
1r9lA02,130,LYS,0.08022294
1r9lA02,131,ALA,0.06306073
1r9lA02,132,ASP,0.062126547
1r9lA02,133,LEU,0.05882007
1r9lA02,134,THR,0.06159233
1r9lA02,135,GLY,0.08663117
1r9lA02,136,CYS,0.11069801
1r9lA02,137,ASN,0.14772694
1r9lA02,138,PRO,0.18385676
1r9lA02,139,GLY,0.23257518
1r9lA02,140,TRP,0.19974712
1r9lA02,141,GLY,0.17995659
1r9lA02,142,CYS,0.14424643
1r9lA02,143,GLU,0.1537225
1r9lA02,144,GLY,0.15425813
1r9lA02,145,ALA,0.14481929
1r9lA02,146,ILE,0.10660948
1r9lA02,147,ASN,0.108592115
1r9lA02,148,HSD,0.121404245
1r9lA02,149,GLN,0.11542394
1r9lA02,150,LEU,0.099983335
1r9lA02,151,ALA,0.11450889
1r9lA02,152,ALA,0.13058308
1r9lA02,153,TYR,0.12137184
1r9lA02,154,GLU,0.11761936
1r9lA02,155,LEU,0.09284184
1r9lA02,156,THR,0.1039171
1r9lA02,157,ASN,0.105105564
1r9lA02,158,THR,0.0796891
1r9lA02,159,VAL,0.072780386
1r9lA02,160,THR,0.08226983
1r9lA02,161,HSD,0.07998757
1r9lA02,162,ASN,0.08594428
1r9lA02,163,GLN,0.13350594
1r9lA02,164,GLY,0.15956338
1r9lA02,165,ASN,0.16339448
1r9lA02,166,TYR,0.16327028
1r9lA02,167,ALA,0.17310514
1r9lA02,168,ALA,0.14547557
1r9lA02,169,MET,0.113654576
1r9lA02,170,MET,0.10483231
1r9lA02,171,ALA,0.11164135
1r9lA02,172,ASP,0.10892507
1r9lA02,173,THR,0.09246189
1r9lA02,174,ILE,0.09832801
1r9lA02,175,SER,0.10894795
1r9lA02,176,ARG,0.10696741
1r9lA02,177,TYR,0.098899946
1r9lA02,178,LYS,0.12543586
1r9lA02,179,GLU,0.14100793
1r9lA02,180,GLY,0.13098168
1r9lA02,181,LYS,0.10562384
1r9lA02,182,PRO,0.07682426
1r9lA02,183,VAL,0.06316644
1r9lA02,184,PHE,0.056115948
1r9lA02,185,TYR,0.06296368
1r9lA02,186,TYR,0.08047427
1r9lA02,187,THR,0.10062436
1r9lA02,188,TRP,0.14390263
1r9lA02,189,THR,0.19335328
1r9lA02,190,PRO,0.21008626
1r9lA02,191,TYR,0.16919985
1r9lA02,192,TRP,0.16930752
1r9lA02,193,VAL,0.14567208
1r9lA02,194,SER,0.15980583
1r9lA02,195,ASN,0.16226926
1r9lA02,196,GLU,0.12786831
1r9lA02,197,LEU,0.10771581
1r9lA02,198,LYS,0.12396382
1r9lA02,199,PRO,0.13002881
1r9lA02,200,GLY,0.150211
1r9lA02,201,LYS,0.14631006
1r9lA02,202,ASP,0.11282194
1r9lA02,203,VAL,0.09153468
1r9lA02,204,VAL,0.10124992
1r9lA02,205,TRP,0.1079324
1r9lA02,206,LEU,0.10529493
1r9lA02,207,GLN,0.11634461
1r9lA02,208,VAL,0.11982198
1r9lA02,209,PRO,0.1483911
1r9lA02,210,PHE,0.15898731
1r9lA02,211,SER,0.19468693
1r9lA02,212,ALA,0.26256412
1r9lA02,213,LEU,0.25372058
1r9lA02,214,PRO,0.36037767
1r9lA02,215,GLY,0.44637623
1r9lA02,216,ASP,0.48033985
1r9lA02,217,LYS,0.5025677
1r9lA02,218,ASN,0.51698095
1r9lA02,219,ALA,0.47938353
1r9lA02,220,ASP,0.48502216
1r9lA02,221,THR,0.46959877
1r9lA02,222,LYS,0.503325
1r9lA02,223,LEU,0.5261472
1r9lA02,224,PRO,0.5419736
1r9lA02,225,ASN,0.5982762
1r9lA02,226,GLY,0.5504464
1r9lA02,227,ALA,0.5109829
1r9lA02,228,ASN,0.45534962
1r9lA02,229,TYR,0.4848002
1r9lA02,230,GLY,0.514452
1r9lA02,231,PHE,0.49928945
1r9lA02,232,PRO,0.52969825
